/ /index.html 200
/studio /studio.html 200
/studio2non /studio2non.html 200
/characters /characters.html 200
/character /character.html 200
/create-character /create-character.html 200
/creator /creator.html 200
/menu /menu.html 200
/mypage /mypage.html 200
/works /works.html 200
/login /login.html 200
/coming-soon /coming-soon.html 200
